Industry,Company Name,Address,Phone Number
Software,SoftwareSoftwares Pvt Ltd,"163 Softwares Road, Bengaluru, India",+91-94548-96952
Artificial Intelligence,ArtificialAI Labs Pvt Ltd,"442 AI Labs Road, Ahmedabad, India",+91-71638-90033
Manufacturing,ManufacturingManufacturing Pvt Ltd,"472 Manufacturing Road, Pune, India",+91-76215-16879
Artificial Intelligence,ArtificialCognition Pvt Ltd,"181 Cognition Road, Mumbai, India",+91-93099-27169
Software,SoftwareSoftwares Pvt Ltd,"473 Softwares Road, Pune, India",+91-70159-73243
Medical,MedicalCare Pvt Ltd,"352 Care Road, Jaipur, India",+91-94768-88483
Artificial Intelligence,ArtificialInnovations Pvt Ltd,"68 Innovations Road, Chennai, India",+91-75148-37210
Medical,MedicalHealth Pvt Ltd,"56 Health Road, Mumbai, India",+91-80152-24795
Artificial Intelligence,ArtificialInnovations Pvt Ltd,"415 Innovations Road, Jaipur, India",+91-95817-18857
Medical,MedicalDiagnostics Pvt Ltd,"356 Diagnostics Road, Jaipur, India",+91-94622-49303
Medical,MedicalCare Pvt Ltd,"96 Care Road, Hyderabad, India",+91-74713-92301
Artificial Intelligence,ArtificialCognition Pvt Ltd,"130 Cognition Road, Surat, India",+91-86650-17291
Software,SoftwareSystems Pvt Ltd,"465 Systems Road, Chennai, India",+91-99760-74197
Manufacturing,ManufacturingManufacturing Pvt Ltd,"25 Manufacturing Road, Bengaluru, India",+91-80059-87665
Artificial Intelligence,ArtificialCognition Pvt Ltd,"328 Cognition Road, Pune, India",+91-86277-31753
Artificial Intelligence,ArtificialNeuralTech Pvt Ltd,"467 NeuralTech Road, Jaipur, India",+91-87279-93348
Medical,MedicalHealth Pvt Ltd,"257 Health Road, Pune, India",+91-82056-59446
Artificial Intelligence,ArtificialInnovations Pvt Ltd,"1 Innovations Road, Chennai, India",+91-93340-79257
Software,SoftwareIT Services Pvt Ltd,"289 IT Services Road, Delhi, India",+91-87469-70396
Software,SoftwareIT Services Pvt Ltd,"400 IT Services Road, Surat, India",+91-81284-74124
Manufacturing,ManufacturingManufacturing Pvt Ltd,"93 Manufacturing Road, Hyderabad, India",+91-82685-24540
Artificial Intelligence,ArtificialAI Labs Pvt Ltd,"183 AI Labs Road, Delhi, India",+91-72942-24275
Artificial Intelligence,ArtificialSmartware Pvt Ltd,"106 Smartware Road, Hyderabad, India",+91-94183-73836
Medical,MedicalHealth Pvt Ltd,"144 Health Road, Ahmedabad, India",+91-90724-85110
Manufacturing,ManufacturingManufacturing Pvt Ltd,"253 Manufacturing Road, Hyderabad, India",+91-88973-86431
Software,SoftwareTechnologies Pvt Ltd,"139 Technologies Road, Surat, India",+91-73922-38381
Artificial Intelligence,ArtificialSmartware Pvt Ltd,"122 Smartware Road, Bengaluru, India",+91-89325-95888
Artificial Intelligence,ArtificialNeuralTech Pvt Ltd,"466 NeuralTech Road, Mumbai, India",+91-94361-56175
Manufacturing,ManufacturingMills Pvt Ltd,"370 Mills Road, Kolkata, India",+91-85218-87087
Software,SoftwareTechnologies Pvt Ltd,"116 Technologies Road, Mumbai, India",+91-81510-37973
Manufacturing,ManufacturingIndustries Pvt Ltd,"118 Industries Road, Surat, India",+91-96633-86347
Software,SoftwareSolutions Pvt Ltd,"470 Solutions Road, Kolkata, India",+91-97225-35499
Software,SoftwareSolutions Pvt Ltd,"168 Solutions Road, Kolkata, India",+91-75250-60190
Manufacturing,ManufacturingManufacturing Pvt Ltd,"31 Manufacturing Road, Chennai, India",+91-77452-68214
Software,SoftwareSystems Pvt Ltd,"367 Systems Road, Pune, India",+91-97760-65502
Manufacturing,ManufacturingMills Pvt Ltd,"416 Mills Road, Surat, India",+91-84247-78634
Artificial Intelligence,ArtificialSmartware Pvt Ltd,"396 Smartware Road, Ahmedabad, India",+91-85551-16543
Artificial Intelligence,ArtificialAI Labs Pvt Ltd,"223 AI Labs Road, Jaipur, India",+91-70082-64504
Manufacturing,ManufacturingWorks Pvt Ltd,"433 Works Road, Surat, India",+91-95653-41640
Medical,MedicalClinics Pvt Ltd,"45 Clinics Road, Kolkata, India",+91-73684-56092
Software,SoftwareSystems Pvt Ltd,"363 Systems Road, Kolkata, India",+91-94964-82787
Manufacturing,ManufacturingEngineering Pvt Ltd,"449 Engineering Road, Mumbai, India",+91-93056-52611
Artificial Intelligence,ArtificialSmartware Pvt Ltd,"426 Smartware Road, Hyderabad, India",+91-81750-33237
Software,SoftwareIT Services Pvt Ltd,"212 IT Services Road, Chennai, India",+91-89661-56859
Artificial Intelligence,ArtificialNeuralTech Pvt Ltd,"48 NeuralTech Road, Hyderabad, India",+91-86369-38923
Manufacturing,ManufacturingMills Pvt Ltd,"117 Mills Road, Mumbai, India",+91-73903-42656
Software,SoftwareSoftwares Pvt Ltd,"444 Softwares Road, Ahmedabad, India",+91-93818-87253
Artificial Intelligence,ArtificialSmartware Pvt Ltd,"119 Smartware Road, Hyderabad, India",+91-81064-33090
Manufacturing,ManufacturingManufacturing Pvt Ltd,"7 Manufacturing Road, Surat, India",+91-73759-79646
Artificial Intelligence,ArtificialCognition Pvt Ltd,"241 Cognition Road, Kolkata, India",+91-81993-90006
Software,SoftwareTechnologies Pvt Ltd,"348 Technologies Road, Hyderabad, India",+91-74748-88599
Medical,MedicalClinics Pvt Ltd,"143 Clinics Road, Chennai, India",+91-95141-85079
Manufacturing,ManufacturingManufacturing Pvt Ltd,"316 Manufacturing Road, Surat, India",+91-82933-50196
Artificial Intelligence,ArtificialAI Labs Pvt Ltd,"473 AI Labs Road, Delhi, India",+91-97425-57436
Artificial Intelligence,ArtificialCognition Pvt Ltd,"328 Cognition Road, Ahmedabad, India",+91-76951-65762
Medical,MedicalMedicals Pvt Ltd,"442 Medicals Road, Mumbai, India",+91-99254-24535
Manufacturing,ManufacturingManufacturing Pvt Ltd,"436 Manufacturing Road, Mumbai, India",+91-93635-53905
Artificial Intelligence,ArtificialCognition Pvt Ltd,"241 Cognition Road, Kolkata, India",+91-95045-98693
Medical,MedicalMedicals Pvt Ltd,"401 Medicals Road, Mumbai, India",+91-85913-75197
Software,SoftwareTechnologies Pvt Ltd,"169 Technologies Road, Pune, India",+91-92229-21086
Artificial Intelligence,ArtificialSmartware Pvt Ltd,"351 Smartware Road, Hyderabad, India",+91-71687-30427
Medical,MedicalCare Pvt Ltd,"430 Care Road, Chennai, India",+91-70305-27505
Manufacturing,ManufacturingIndustries Pvt Ltd,"53 Industries Road, Pune, India",+91-83073-27064
Medical,MedicalDiagnostics Pvt Ltd,"173 Diagnostics Road, Chennai, India",+91-80072-70098
Manufacturing,ManufacturingEngineering Pvt Ltd,"442 Engineering Road, Pune, India",+91-92564-98714
Medical,MedicalCare Pvt Ltd,"198 Care Road, Ahmedabad, India",+91-96418-95333
Artificial Intelligence,ArtificialInnovations Pvt Ltd,"35 Innovations Road, Kolkata, India",+91-76095-66271
Manufacturing,ManufacturingWorks Pvt Ltd,"148 Works Road, Jaipur, India",+91-71472-19048
Software,SoftwareIT Services Pvt Ltd,"196 IT Services Road, Jaipur, India",+91-93661-79343
Medical,MedicalCare Pvt Ltd,"440 Care Road, Mumbai, India",+91-98126-96679
Artificial Intelligence,ArtificialInnovations Pvt Ltd,"261 Innovations Road, Jaipur, India",+91-86060-80937
Manufacturing,ManufacturingIndustries Pvt Ltd,"419 Industries Road, Delhi, India",+91-71115-61137
Artificial Intelligence,ArtificialSmartware Pvt Ltd,"200 Smartware Road, Chennai, India",+91-86785-51880
Artificial Intelligence,ArtificialCognition Pvt Ltd,"314 Cognition Road, Jaipur, India",+91-87928-50081
Software,SoftwareSolutions Pvt Ltd,"236 Solutions Road, Mumbai, India",+91-72725-57281
Artificial Intelligence,ArtificialSmartware Pvt Ltd,"71 Smartware Road, Bengaluru, India",+91-98067-18484
Medical,MedicalHealth Pvt Ltd,"478 Health Road, Pune, India",+91-72198-86873
Medical,MedicalCare Pvt Ltd,"387 Care Road, Mumbai, India",+91-76864-83470
Artificial Intelligence,ArtificialCognition Pvt Ltd,"389 Cognition Road, Ahmedabad, India",+91-76616-70438
Medical,MedicalHealth Pvt Ltd,"148 Health Road, Bengaluru, India",+91-99318-54144
Artificial Intelligence,ArtificialSmartware Pvt Ltd,"138 Smartware Road, Surat, India",+91-87113-93982
Artificial Intelligence,ArtificialAI Labs Pvt Ltd,"170 AI Labs Road, Delhi, India",+91-74861-29718
Manufacturing,ManufacturingIndustries Pvt Ltd,"421 Industries Road, Pune, India",+91-81491-88890
Manufacturing,ManufacturingIndustries Pvt Ltd,"446 Industries Road, Chennai, India",+91-93193-37958
Manufacturing,ManufacturingEngineering Pvt Ltd,"451 Engineering Road, Surat, India",+91-72118-28956
Medical,MedicalDiagnostics Pvt Ltd,"313 Diagnostics Road, Chennai, India",+91-79081-77137
Manufacturing,ManufacturingWorks Pvt Ltd,"263 Works Road, Jaipur, India",+91-99474-76986
Artificial Intelligence,ArtificialCognition Pvt Ltd,"374 Cognition Road, Surat, India",+91-79420-94917
Manufacturing,ManufacturingWorks Pvt Ltd,"102 Works Road, Delhi, India",+91-76595-41801
Medical,MedicalCare Pvt Ltd,"420 Care Road, Delhi, India",+91-86395-69756
Software,SoftwareTechnologies Pvt Ltd,"441 Technologies Road, Kolkata, India",+91-96788-14390
Artificial Intelligence,ArtificialSmartware Pvt Ltd,"140 Smartware Road, Pune, India",+91-83899-14691
Software,SoftwareIT Services Pvt Ltd,"96 IT Services Road, Jaipur, India",+91-87579-81395
Manufacturing,ManufacturingEngineering Pvt Ltd,"391 Engineering Road, Hyderabad, India",+91-74579-17890
Manufacturing,ManufacturingManufacturing Pvt Ltd,"395 Manufacturing Road, Jaipur, India",+91-82175-73237
Medical,MedicalClinics Pvt Ltd,"457 Clinics Road, Delhi, India",+91-70980-48821
Software,SoftwareSystems Pvt Ltd,"351 Systems Road, Mumbai, India",+91-70282-71273
Medical,MedicalDiagnostics Pvt Ltd,"79 Diagnostics Road, Kolkata, India",+91-98576-70744
Manufacturing,ManufacturingManufacturing Pvt Ltd,"143 Manufacturing Road, Jaipur, India",+91-96019-80712
Manufacturing,ManufacturingIndustries Pvt Ltd,"306 Industries Road, Kolkata, India",+91-91701-84853
